the	5000000
and	4500000
of	4000000
to	3900000
in	3000000
is	2800000
that	2600000
for	2400000
with	2300000
this	2200000
as	2100000
are	2000000
by	1500000
can	1500000
not	1400000
but	1300000
prototype	1000
treats	1000
english	10000
spelling	10000
stream	10000
blocks	10000
when	20000
user	20000
types	10000
su	1
decoder	1000
see	50000
sea	20000
stable	10000
order	10000
keeps	10000
first	10000
second	10000
longer	10000
words	10000
such	10000
super	10000
contribution	10000
implementation	10000
configuration	10000
rationalization	5000
receiving	8000
believing	7000
through	20000
though	18000
enough	20000
knowledge	10000
pressure	10000
microstructure	1000
writing	10000
running	10000
handled	10000
same	10000
code	10000
table	10000
unknown	10000
names	10000
symbols	10000
urls	1000
cflags	100
dirty	10000
punctuation	10000
fall	10000
back	10000
raw	10000
